id,first_name,email,gender,
1,Ebenezer,epepperell0@taobao.com,Male,
2,Lucho,lharding1@hostgator.com,Male,
3,Kalle,kpearse2@stumbleupon.com,Male,
4,Haven,hbellringer3@hibu.com,Male,
5,Happy,htriner4@bluehost.com,Genderqueer,
6,Bonni,btown5@independent.co.uk,Female,
7,Gusta,ggannan6@uiuc.edu,Genderfluid,
8,Afton,amcmaster7@ucoz.ru,Female,
9,Nev,nbertomieu8@huffingtonpost.com,Male,
10,Delphine,dkennedy9@fc2.com,Female,
11,Hamish,haceya@who.int,Male,
12,Ethel,ebrentb@twitter.com,Female,
13,Harcourt,henserc@mapy.cz,Male,
14,Clifford,coakwoodd@tamu.edu,Male,
15,Sol,sviviane@sakura.ne.jp,Male,
16,Ware,wquilterf@amazon.co.uk,Male,
17,Anthe,aheinleing@yahoo.com,Female,
18,Noami,ngaskarthh@usatoday.com,Female,
19,Bondon,blurneri@wired.com,Male,
20,Harriett,hdadsonj@biblegateway.com,Female,
21,Grantham,gtearneyk@discovery.com,Male,
22,Ansell,aforkanl@360.cn,Male,
23,Riobard,rmarthenm@rambler.ru,Genderqueer,
24,Elliot,eklugmann@spotify.com,Male,
25,Clarke,ckezoureco@hatena.ne.jp,Male,
26,Rollins,rwridep@army.mil,Male,
27,Franchot,fhalwellq@wiley.com,Male,
28,Madlen,mpomroyr@ocn.ne.jp,Genderqueer,
29,Bobbe,bwiddecombes@howstuffworks.com,Female,
30,Olenka,ofearnallt@engadget.com,Non-binary,
31,Devin,dmccrowu@nationalgeographic.com,Male,
32,Evan,esowterv@dell.com,Male,
33,Celeste,ckilduffw@uiuc.edu,Non-binary,
34,Marysa,mthewx@illinois.edu,Female,
35,Shirleen,shartoppy@ucoz.ru,Polygender,
36,Paolo,pgadneyz@home.pl,Male,
37,Erica,ebalnaves10@unicef.org,Female,
38,Clare,ctyndall11@ow.ly,Male,
39,Clarice,ctear12@hc360.com,Female,
40,Chico,cgummie13@census.gov,Male,
41,Shaughn,sinstone14@google.ru,Male,
42,Gerik,gbaudassi15@nature.com,Male,
43,Stormy,sodell16@bloglovin.com,Female,
44,Collie,cstrangwood17@indiatimes.com,Bigender,
45,Elvis,ehallaways18@salon.com,Male,
46,Kalindi,kgilberthorpe19@samsung.com,Genderqueer,
47,Mara,mswede1a@omniture.com,Bigender,
48,Creighton,cbaddoe1b@usda.gov,Non-binary,
49,Nadya,nagronski1c@miitbeian.gov.cn,Female,
50,Balduin,bonele1d@parallels.com,Male,
51,Maddi,mauston1e@sitemeter.com,Female,
52,Tedman,tlarratt1f@slate.com,Male,
53,Earle,emacterrelly1g@nifty.com,Male,
54,Hashim,hdivina1h@rakuten.co.jp,Male,
55,Julina,jwoodings1i@cornell.edu,Female,
56,Dorian,dhiom1j@sohu.com,Non-binary,
57,Conney,cgarrity1k@wikia.com,Male,
58,Nye,nconyer1l@tuttocitta.it,Male,
59,Ingmar,ileal1m@whitehouse.gov,Male,
60,Abba,apattinson1n@google.cn,Male,
61,Veronique,vwickson1o@berkeley.edu,Female,
62,Tanya,tnolan1p@cnet.com,Female,
63,Skye,sjossel1q@merriam-webster.com,Male,
64,Cornie,cjori1r@about.com,Male,
65,Skyler,sgettings1s@dedecms.com,Male,
66,Syman,sscreech1t@google.fr,Male,
67,Stinky,sbamlett1u@netscape.com,Non-binary,
68,Llewellyn,lharling1v@github.com,Male,
69,Cherish,csentance1w@nyu.edu,Female,
70,Nanette,ntillman1x@ameblo.jp,Female,
71,Ferrell,flortz1y@dell.com,Male,
72,Anastasia,adirr1z@nature.com,Female,
73,Ferris,flyes20@state.gov,Male,
74,Phillipp,psummersett21@unc.edu,Male,
75,Dewie,dellcock22@discuz.net,Male,
76,Corny,clangland23@imageshack.us,Male,
77,Trula,telleray24@nytimes.com,Female,
78,Finley,fhonniebal25@answers.com,Male,
79,Vic,vwadesworth26@youtube.com,Male,
80,Toby,tbartel27@phpbb.com,Male,
81,Billy,bgilmour28@netvibes.com,Male,
82,Reese,rpagen29@parallels.com,Male,
83,Minnnie,mwhistan2a@drupal.org,Female,
84,Norry,nsydenham2b@yelp.com,Bigender,
85,Hazel,hpriver2c@multiply.com,Female,
86,Sheelagh,ssquibe2d@goo.gl,Female,
87,Fleming,fhobson2e@unc.edu,Male,
88,Bartlett,blasty2f@si.edu,Male,
89,Fraser,fbroughton2g@sakura.ne.jp,Male,
90,Sherie,sgladwin2h@archive.org,Female,
91,Obidiah,opetrovsky2i@linkedin.com,Male,
92,Mable,mmarchant2j@yandex.ru,Female,
93,Bessy,boby2k@dion.ne.jp,Female,
94,Alexandrina,aclipsham2l@webnode.com,Female,
95,Ketty,kmarple2m@vistaprint.com,Female,
96,Sheeree,sdominichetti2n@fotki.com,Female,
97,Brenna,bcaustic2o@trellian.com,Female,
98,Burtie,bfinnick2p@drupal.org,Male,
99,Valencia,vharradence2q@mysql.com,Female,
100,Brewer,baleavy2r@a8.net,Male,
101,Gwennie,gadelman2s@pcworld.com,Female,
102,Bruis,bcanet2t@wired.com,Male,
103,Vincents,vblackburne2u@cisco.com,Male,
104,Henri,hbaszniak2v@quantcast.com,Male,
105,Gussy,gsomerton2w@ow.ly,Female,
106,Karlens,kalster2x@people.com.cn,Male,
107,Say,sforson2y@ebay.com,Male,
108,Fleming,fready2z@utexas.edu,Male,
109,Jakob,jlock30@dropbox.com,Bigender,
110,Romain,rwalak31@furl.net,Male,
111,Eldridge,eboughtwood32@dmoz.org,Male,
112,Janos,jsiggens33@aboutads.info,Male,
113,Sadye,sadney34@furl.net,Non-binary,
114,Evelyn,eions35@themeforest.net,Female,
115,Amalia,athreadgill36@adobe.com,Genderqueer,
116,Laurie,lwrightson37@opera.com,Non-binary,
117,Dill,dgilberthorpe38@bandcamp.com,Male,
118,Sigrid,skyrkeman39@pbs.org,Female,
119,Regan,rkelwick3a@networkadvertising.org,Female,
120,Scott,scassius3b@addtoany.com,Agender,
121,Kristel,klitton3c@npr.org,Female,
122,Gary,ghearnaman3d@ezinearticles.com,Genderfluid,
123,Virgil,vjamme3e@ezinearticles.com,Male,
124,Nettie,nmowling3f@sun.com,Female,
125,Derek,dwoolager3g@nifty.com,Male,
126,Nannie,nfairleigh3h@geocities.com,Female,
127,Sorcha,shadkins3i@xing.com,Female,
128,Caitlin,ctilsley3j@tuttocitta.it,Female,
129,Sela,selfe3k@sakura.ne.jp,Female,
130,Cherianne,celston3l@epa.gov,Female,
131,Ashli,aapplegarth3m@booking.com,Female,
132,Gabbie,gweigh3n@omniture.com,Female,
133,Daphene,dbehning3o@w3.org,Female,
134,Saleem,sspellicy3p@soup.io,Male,
135,Winfred,wsercombe3q@bloglines.com,Male,
136,Gian,gecob3r@blogger.com,Male,
137,Robinson,rbugg3s@whitehouse.gov,Polygender,
138,Buckie,blerego3t@weather.com,Male,
139,Ive,imitchenson3u@ihg.com,Male,
140,Blake,bchern3v@live.com,Male,
141,Cybil,cgermain3w@about.me,Female,
142,Wittie,wstreak3x@businessweek.com,Male,
143,Olympia,ostorm3y@ustream.tv,Female,
144,Emera,ethurlby3z@hugedomains.com,Bigender,
145,Leanor,lbolzmann40@time.com,Female,
146,Vivien,vstpaul41@cdbaby.com,Female,
147,Nerte,naindriu42@amazonaws.com,Female,
148,Kippie,kwinkworth43@auda.org.au,Male,
149,Olga,ostollman44@privacy.gov.au,Female,
150,Reed,rwastall45@mit.edu,Non-binary,
151,Nester,nhorsefield46@photobucket.com,Male,
152,Avivah,amillimoe47@google.ca,Female,
153,Shermie,slamborn48@zimbio.com,Bigender,
154,Bethina,bfiggen49@rambler.ru,Female,
155,Vito,vwhithalgh4a@dyndns.org,Male,
156,Loren,ldiantonio4b@ustream.tv,Male,
157,Terrell,tgeekin4c@purevolume.com,Male,
158,Saxe,ssiely4d@ca.gov,Male,
159,Donetta,dputterill4e@kickstarter.com,Female,
160,Pavlov,plassetter4f@nasa.gov,Male,
161,Marcy,mmeriguet4g@bizjournals.com,Female,
162,Tana,tmccafferky4h@dailymotion.com,Female,
163,Bud,bsambedge4i@feedburner.com,Male,
164,Ermin,emewburn4j@nasa.gov,Male,
165,Seana,skillingsworth4k@devhub.com,Female,
166,Devin,dtheobalds4l@nationalgeographic.com,Polygender,
167,Timi,tlomasny4m@devhub.com,Female,
168,Jimmy,jguiot4n@ycombinator.com,Male,
169,Sandra,smelledy4o@cargocollective.com,Female,
170,Sandra,sfowler4p@patch.com,Female,
171,Mariejeanne,mtaylorson4q@reddit.com,Female,
172,Alvin,abrettor4r@acquirethisname.com,Male,
173,Rebeca,rrepp4s@liveinternet.ru,Female,
174,Emmaline,eshackleton4t@ucsd.edu,Female,
175,Darius,dscates4u@mapy.cz,Male,
176,Brunhilda,barundell4v@weibo.com,Female,
177,Jojo,jvlasenko4w@cisco.com,Female,
178,Horatius,hfroschauer4x@usnews.com,Male,
179,Wye,wlinguard4y@usda.gov,Non-binary,
180,Donny,dvoisey4z@cyberchimps.com,Male,
181,Jerrold,jolland50@paypal.com,Male,
182,Eduardo,eridgers51@fc2.com,Male,
183,Cammi,chaggerstone52@howstuffworks.com,Female,
184,Ker,kgarlinge53@bloglines.com,Male,
185,Corilla,ctagg54@mit.edu,Female,
186,Jacquelin,jgilfether55@networkadvertising.org,Female,
187,Karoline,kperryman56@addtoany.com,Female,
188,Andreana,acoldicott57@tripadvisor.com,Female,
189,Brice,bvaz58@wp.com,Male,
190,Eda,eturneux59@list-manage.com,Female,
191,Cami,cjiras5a@simplemachines.org,Genderfluid,
192,Kissie,keastam5b@oakley.com,Female,
193,Sunshine,schuney5c@ebay.co.uk,Female,
194,Liza,lpiperley5d@vimeo.com,Female,
195,Hamilton,hcardinal5e@prweb.com,Male,
196,Briny,balster5f@tinypic.com,Female,
197,Gianni,gcromie5g@xinhuanet.com,Male,
198,Etheline,edoick5h@bing.com,Female,
199,Linnet,lomeara5i@upenn.edu,Female,
200,Tanhya,tcreeboe5j@goodreads.com,Female,
201,Flora,folifard5k@ed.gov,Female,
202,Bobette,bdemare5l@samsung.com,Female,
203,Meris,mbattin5m@goodreads.com,Female,
204,Harper,hleitche5n@chicagotribune.com,Male,
205,Darryl,dbuxcey5o@over-blog.com,Polygender,
206,Beauregard,bsimmins5p@cnn.com,Male,
207,Diego,dflett5q@deviantart.com,Male,
208,Lars,lshimwell5r@hostgator.com,Male,
209,Karlee,kbotting5s@theatlantic.com,Female,
210,Gregor,glittlejohn5t@springer.com,Male,
211,Welby,wmcmenamin5u@upenn.edu,Male,
212,Raffaello,rfilipic5v@networksolutions.com,Bigender,
213,Monte,msyphus5w@purevolume.com,Male,
214,Warde,wgarrood5x@spiegel.de,Male,
215,Reinwald,rwhight5y@addthis.com,Male,
216,Jasmina,jcowling5z@meetup.com,Female,
217,Paloma,pbroadbere60@pagesperso-orange.fr,Female,
218,Carola,caksell61@zimbio.com,Female,
219,Tamarra,tteck62@wikia.com,Non-binary,
220,Darnall,drebanks63@unc.edu,Male,
221,Lavina,lgribbins64@blogtalkradio.com,Female,
222,Shayla,sbarkshire65@oaic.gov.au,Female,
223,Wilhelm,wguinnane66@artisteer.com,Male,
224,Geoffrey,gfinlater67@fotki.com,Male,
225,Sheena,skilby68@cdc.gov,Female,
226,Clay,cjoynes69@omniture.com,Male,
227,Ettore,edemougeot6a@soundcloud.com,Male,
228,Dwain,dbeedie6b@usgs.gov,Agender,
229,Ado,aleech6c@google.nl,Non-binary,
230,Annabell,adinnies6d@sourceforge.net,Female,
231,Yvon,ystevani6e@barnesandnoble.com,Male,
232,Sydelle,sheaven6f@creativecommons.org,Female,
233,Gray,gnice6g@gnu.org,Male,
234,Forster,fkilshaw6h@blogspot.com,Male,
235,Urbain,ubech6i@mail.ru,Male,
236,Perren,pmacmorland6j@fastcompany.com,Male,
237,Sarita,sstarford6k@ftc.gov,Female,
238,Maighdiln,mloalday6l@mlb.com,Female,
239,Fayth,ftadd6m@state.tx.us,Female,
240,Nadine,nclissell6n@blogger.com,Female,
241,Shawna,slucchi6o@bloglines.com,Female,
242,Ody,ojeves6p@opensource.org,Male,
243,Carson,cpurveys6q@bloglovin.com,Male,
244,Bridie,bsedworth6r@imgur.com,Female,
245,Celka,celiyahu6s@oracle.com,Female,
246,Cece,cerasmus6t@sina.com.cn,Male,
247,Thornton,tsherwen6u@4shared.com,Male,
248,Ronica,rstrelitzki6v@xinhuanet.com,Female,
249,Brandon,bperago6w@japanpost.jp,Male,
250,Myrtie,mcheney6x@scientificamerican.com,Female,
251,Janene,jhunnybun6y@smh.com.au,Female,
252,Pam,pseel6z@newyorker.com,Female,
253,Tresa,tricards70@multiply.com,Female,
254,Howard,hdavidovitch71@altervista.org,Male,
255,Devlen,dpeterson72@telegraph.co.uk,Polygender,
256,Rubina,rdickinson73@pcworld.com,Female,
257,Deanne,dmaccaig74@china.com.cn,Female,
258,Trenton,tjoynson75@seesaa.net,Male,
259,Robinet,rblakey76@businesswire.com,Male,
260,Dorthea,drolingson77@pagesperso-orange.fr,Female,
261,Trent,tsweynson78@guardian.co.uk,Male,
262,Marget,mdrohane79@123-reg.co.uk,Genderqueer,
263,Ward,wyounghusband7a@ovh.net,Male,
264,Casar,cmiller7b@microsoft.com,Male,
265,Faunie,fphilipsen7c@dagondesign.com,Female,
266,Orsa,opollicott7d@soup.io,Female,
267,Cloris,cpetersen7e@chron.com,Female,
268,Tailor,tglasard7f@cdbaby.com,Male,
269,Thea,tgodney7g@businessweek.com,Female,
270,Magnum,mmachans7h@pagesperso-orange.fr,Male,
271,Koenraad,katger7i@springer.com,Male,
272,Armstrong,abein7j@blogtalkradio.com,Male,
273,Paxon,pmosedale7k@quantcast.com,Male,
274,Ase,aruberti7l@ted.com,Male,
275,Isak,ischwandt7m@ca.gov,Male,
276,Suki,slamey7n@istockphoto.com,Female,
277,Zedekiah,zwitling7o@fotki.com,Male,
278,Kerri,kmcgowran7p@bandcamp.com,Female,
279,Gael,goshee7q@studiopress.com,Male,
280,Abran,awiltshaw7r@eventbrite.com,Male,
281,Thelma,tgautrey7s@trellian.com,Female,
282,Bethina,bmowsdell7t@opensource.org,Bigender,
283,Kiel,kgordon7u@cam.ac.uk,Male,
284,Binnie,bganley7v@smugmug.com,Female,
285,Fina,fmarcos7w@wikipedia.org,Female,
286,Vincenz,vbattell7x@google.ca,Male,
287,Kirsti,kguerreau7y@elpais.com,Female,
288,Corey,cpietrzak7z@elegantthemes.com,Female,
289,Letisha,lkearsley80@flickr.com,Female,
290,Duff,dbovaird81@1und1.de,Male,
291,Farris,frichfield82@lulu.com,Male,
292,Quill,qbraddon83@desdev.cn,Male,
293,Dulcinea,dwem84@privacy.gov.au,Female,
294,Sherwood,sduddle85@chronoengine.com,Male,
295,Zechariah,zspatarul86@oakley.com,Male,
296,Matias,mhucks87@princeton.edu,Agender,
297,Chandal,crosenau88@admin.ch,Female,
298,Kiah,ksecretan89@google.com.au,Female,
299,Adolphus,azamboniari8a@dropbox.com,Male,
300,Linus,lkolakovic8b@berkeley.edu,Male,
301,Ruben,rportriss8c@naver.com,Male,
302,Georg,gjacobsohn8d@wikispaces.com,Male,
303,Nonie,nheisler8e@hostgator.com,Female,
304,Frederico,fbutcher8f@quantcast.com,Male,
305,Anett,aphizaclea8g@digg.com,Female,
306,Roth,rbyars8h@vkontakte.ru,Male,
307,Nappie,nhendrix8i@technorati.com,Male,
308,Micky,mscrauniage8j@lycos.com,Female,
309,Jessee,jjohanning8k@alibaba.com,Male,
310,Kinna,kfitchen8l@sourceforge.net,Female,
311,Di,dcardenosa8m@ucsd.edu,Female,
312,Claudelle,cyare8n@dailymail.co.uk,Female,
313,Godfrey,gochterlonie8o@patch.com,Male,
314,Antonino,adaniellot8p@google.com,Male,
315,Suzann,sbamblett8q@google.ru,Female,
316,Patrizius,pdoldon8r@theatlantic.com,Male,
317,Vaclav,vtrebbett8s@yale.edu,Male,
318,Rivi,rboase8t@privacy.gov.au,Female,
319,Husein,hpearsey8u@gravatar.com,Male,
320,Vivianna,vlimer8v@1und1.de,Female,
321,Skipp,smoxham8w@hao123.com,Male,
322,Caldwell,cmocher8x@tmall.com,Male,
323,Kaiser,koverstreet8y@people.com.cn,Agender,
324,Liuka,lscoterbosh8z@instagram.com,Female,
325,Estelle,emains90@deliciousdays.com,Female,
326,Laurice,lcollecott91@themeforest.net,Female,
327,Gallagher,gdowyer92@globo.com,Male,
328,Ignacius,iadamek93@etsy.com,Genderqueer,
329,Amil,alarman94@ycombinator.com,Female,
330,Timoteo,tbraine95@paypal.com,Male,
331,Aggie,aniemetz96@baidu.com,Non-binary,
332,Pooh,pskeermor97@pcworld.com,Male,
333,Orion,oburren98@etsy.com,Male,
334,Dominick,dkeary99@merriam-webster.com,Male,
335,Gisella,gmatfin9a@ucla.edu,Female,
336,Sarge,shealy9b@github.com,Male,
337,Dana,dboulger9c@devhub.com,Female,
338,Hurley,hbapty9d@skype.com,Male,
339,Dorolice,dcobden9e@ovh.net,Female,
340,Jan,jakred9f@chronoengine.com,Female,
341,Merrielle,mprangle9g@oakley.com,Agender,
342,Harriett,hsharpe9h@about.com,Female,
343,Phylis,prenfield9i@illinois.edu,Female,
344,Stanleigh,sfatkin9j@gizmodo.com,Male,
345,Freemon,furey9k@mozilla.org,Male,
346,Fraser,fetock9l@disqus.com,Male,
347,Odele,ouff9m@technorati.com,Female,
348,Constantia,ceakens9n@meetup.com,Female,
349,Glen,ggoodlud9o@yahoo.com,Bigender,
350,Jo,jbruyett9p@nsw.gov.au,Male,
351,Hobie,hgatheridge9q@addtoany.com,Male,
352,Christel,cspearman9r@state.gov,Female,
353,Darrick,daddison9s@netscape.com,Male,
354,Benito,breddyhoff9t@nymag.com,Male,
355,Bert,bbendelow9u@pcworld.com,Male,
356,Brenn,bfullman9v@patch.com,Female,
357,Valaree,vsprules9w@who.int,Female,
358,Mellisa,mtonbye9x@naver.com,Female,
359,Danya,dmumbeson9y@bigcartel.com,Male,
360,Marti,mdosdell9z@lycos.com,Female,
361,Gayler,gdumbartona0@microsoft.com,Genderqueer,
362,Carri,ckenna1@joomla.org,Female,
363,Beth,bdulintya2@istockphoto.com,Female,
364,Angelique,acrowdacea3@ustream.tv,Female,
365,Reginald,rstorckea4@taobao.com,Male,
366,Roxanne,relvena5@newsvine.com,Female,
367,Marcus,mcallwaya6@desdev.cn,Male,
368,Lura,llosemanna7@comsenz.com,Female,
369,Billy,bjadoa8@wikimedia.org,Female,
370,Gerri,gdebankea9@cafepress.com,Male,
371,Borg,bhowataa@rakuten.co.jp,Male,
372,Janet,jimosab@mysql.com,Female,
373,Eldon,eladellac@webeden.co.uk,Male,
374,Gretal,gskogginsad@npr.org,Female,
375,Alyson,agatissae@domainmarket.com,Female,
376,Findley,fbedrosianaf@hao123.com,Male,
377,Guthrie,gbastinag@wikimedia.org,Male,
378,Howey,hsomervilleah@google.it,Genderqueer,
379,Walden,wpidwellai@simplemachines.org,Male,
380,Quincey,qgertyaj@sun.com,Male,
381,Obed,odrillingcourtak@gravatar.com,Male,
382,Michail,mspiaggiaal@tuttocitta.it,Male,
383,Norean,nbarsonam@marriott.com,Female,
384,Loy,lgraveneyan@tiny.cc,Non-binary,
385,Ivan,ichoakeao@pbs.org,Male,
386,Ulrikaumeko,usaveallap@myspace.com,Female,
387,Egor,etalboyaq@bloglines.com,Male,
388,Abagail,agrayshonar@sohu.com,Female,
389,Frannie,freucastleas@webs.com,Female,
390,Alexi,akimblinat@msu.edu,Female,
391,Bea,borrocksau@sciencedirect.com,Female,
392,Alfred,ascothorneav@bing.com,Male,
393,Padraic,ppalphramandaw@smh.com.au,Male,
394,Emma,enaisbyax@myspace.com,Female,
395,Otho,oflanneray@shinystat.com,Male,
396,Tamiko,tdoakaz@sina.com.cn,Female,
397,Penelopa,pgarritb0@go.com,Female,
398,Broderic,bcunahb1@hexun.com,Male,
399,Angelico,alothlorienb2@wix.com,Male,
400,Crawford,cbuckneyb3@so-net.ne.jp,Male,
401,Russ,rtyddb4@canalblog.com,Agender,
402,Susanne,snortonb5@netvibes.com,Female,
403,Whittaker,wlilionb6@nps.gov,Male,
404,Ashly,areab7@oakley.com,Female,
405,Deane,dhessenthalerb8@apple.com,Female,
406,Dore,dfrippb9@state.gov,Male,
407,Claire,cnickersonba@php.net,Female,
408,Tomas,tsowerbybb@sfgate.com,Male,
409,Melesa,mrapaportbc@diigo.com,Female,
410,Ellsworth,epettetbd@nydailynews.com,Male,
411,Matteo,mdrurybe@miitbeian.gov.cn,Male,
412,Marja,mmcturloughbf@mlb.com,Female,
413,Domini,djolliffebg@diigo.com,Female,
414,Dell,dmacginneybh@dion.ne.jp,Male,
415,Tracie,tbeiningbi@desdev.cn,Female,
416,Maximilian,mvedekhovbj@so-net.ne.jp,Male,
417,Court,cperoccibk@bloglines.com,Bigender,
418,Selestina,sdunrigebl@t.co,Female,
419,Frederik,floadwickbm@wix.com,Male,
420,Cosetta,cdemullettbn@mysql.com,Female,
421,Jeana,jpinnellbo@photobucket.com,Female,
422,Tye,ttetlabp@livejournal.com,Genderqueer,
423,Vyky,vmousebq@jigsy.com,Female,
424,Bradford,bkenafaquebr@geocities.jp,Polygender,
425,Wyatt,wdorberbs@nbcnews.com,Male,
426,Gilbertine,gbraunerbt@wisc.edu,Female,
427,Briant,blitchfieldbu@creativecommons.org,Male,
428,Alvie,aishchenkobv@nyu.edu,Male,
429,Pia,psimoninibw@yahoo.com,Polygender,
430,Norbert,nvoicebx@irs.gov,Male,
431,Lu,lshaylerby@comcast.net,Female,
432,Viole,volivellibz@godaddy.com,Female,
433,Konstantine,kraffelsc0@mapy.cz,Male,
434,Chelsie,cebertzc1@altervista.org,Female,
435,Obadias,owoolnerc2@indiatimes.com,Male,
436,Lisa,lgullanec3@sun.com,Female,
437,Kleon,kschutzec4@mapquest.com,Male,
438,Farra,frevittc5@wordpress.org,Female,
439,Che,cgiacopazzic6@sohu.com,Male,
440,Hanna,hcarnec7@sitemeter.com,Female,
441,May,mdanburyc8@usgs.gov,Female,
442,Julienne,jocorriganec9@arizona.edu,Female,
443,Symon,ssallansca@quantcast.com,Male,
444,Ethelind,edychecb@networkadvertising.org,Female,
445,Shawnee,skemberycc@ihg.com,Female,
446,Staffard,sparisscd@marriott.com,Male,
447,Hildy,htreadgerce@instagram.com,Female,
448,Burl,bianiellocf@fotki.com,Male,
449,Kelcie,klabellcg@marriott.com,Genderqueer,
450,Birch,bshallcrossch@merriam-webster.com,Male,
451,Thorndike,tclarksonci@youtu.be,Male,
452,Gwenora,gstylescj@virginia.edu,Female,
453,Colet,cgreensetck@deliciousdays.com,Male,
454,Blane,bmcauslandcl@lulu.com,Polygender,
455,Weidar,wvaancm@taobao.com,Male,
456,Gal,gdaniellcn@ox.ac.uk,Male,
457,Brittany,bureco@technorati.com,Female,
458,Ignacio,igoodbairncp@bloglines.com,Male,
459,Robbert,rdochertycq@vistaprint.com,Male,
460,Dana,driddlercr@scribd.com,Male,
461,Thornie,twilemancs@smh.com.au,Male,
462,Carmelle,cewertct@nationalgeographic.com,Non-binary,
463,Bryon,bpiscopocu@pcworld.com,Male,
464,Archibald,atollitcv@homestead.com,Male,
465,Godart,gjinkincw@ask.com,Male,
466,Lacie,ljakawaycx@sogou.com,Female,
467,Konstantin,kdagwellcy@cnn.com,Male,
468,Elwyn,epettitcz@skype.com,Genderqueer,
469,Dolf,dwychd0@nationalgeographic.com,Male,
470,Karie,ksaylord1@yale.edu,Female,
471,Nady,nweekleyd2@live.com,Polygender,
472,Zolly,zagglioned3@blog.com,Male,
473,Brod,bincognad4@imageshack.us,Male,
474,Edna,eanniesd5@merriam-webster.com,Female,
475,Cordy,cpoulsend6@cam.ac.uk,Female,
476,Caye,cpeeked7@upenn.edu,Female,
477,Baryram,bperottid8@guardian.co.uk,Male,
478,Robinet,rtremoilled9@privacy.gov.au,Male,
479,Luisa,lpantryda@admin.ch,Female,
480,Sergeant,ssaunterdb@vistaprint.com,Male,
481,Vincent,vnorthilldc@shop-pro.jp,Male,
482,Dannie,dwallesdd@altervista.org,Male,
483,Tally,tlawnde@reddit.com,Female,
484,Kippar,ksvaninidf@discuz.net,Male,
485,Lanie,ldodddg@yahoo.co.jp,Male,
486,Antonio,avernydh@latimes.com,Male,
487,Michael,mtrustydi@slashdot.org,Male,
488,Cody,cspadadj@moonfruit.com,Male,
489,Ivan,ichangdk@themeforest.net,Bigender,
490,Godiva,gbergedl@columbia.edu,Female,
491,Aurelia,alorantdm@walmart.com,Female,
492,Dorian,dtubbdn@topsy.com,Female,
493,Frannie,foneligando@slashdot.org,Male,
494,Woodie,wvandaledp@apple.com,Male,
495,Kaila,khaggletondq@psu.edu,Female,
496,Clarisse,cmerryfielddr@ted.com,Female,
497,Elia,echallicombeds@webeden.co.uk,Male,
498,Abbe,adominiakdt@disqus.com,Female,
499,Hilly,hbacchusdu@wikia.com,Non-binary,
500,Randi,rtaffurellidv@tamu.edu,Bigender,
501,Karol,kparrattdw@vistaprint.com,Female,
502,Faydra,ffraysdx@un.org,Female,
503,Barbey,bkirtleydy@tamu.edu,Female,
504,Rahal,rwillisdz@marketwatch.com,Female,
505,Krishnah,kisaqe0@tinypic.com,Male,
506,Shep,soldmane1@hao123.com,Bigender,
507,Elaina,eeastone2@usnews.com,Female,
508,Brandon,bbrydsone3@disqus.com,Male,
509,Emmanuel,ecraigiee4@illinois.edu,Male,
510,Belvia,bvogele5@wikispaces.com,Female,
511,Edita,ehusthwaitee6@indiegogo.com,Female,
512,Bowie,bwolseye7@blogtalkradio.com,Male,
513,Shawnee,sodoe8@flickr.com,Female,
514,Sandie,sapfele9@answers.com,Female,
515,Maggi,mbarukhea@abc.net.au,Female,
516,Bernelle,ballbuteb@ehow.com,Female,
517,Wynn,wminthorpeec@weebly.com,Male,
518,Kevyn,ktimmensed@sogou.com,Female,
519,Averil,adabnoree@wix.com,Male,
520,Nicole,ntregidgoef@e-recht24.de,Female,
521,Dorette,dcheeseeg@cpanel.net,Female,
522,Sib,shatzareh@nyu.edu,Female,
523,Christy,cmacdermidei@tmall.com,Female,
524,Jobyna,jwilksej@pen.io,Female,
525,Fairfax,fdurringtonek@elpais.com,Male,
526,Raynell,rlayneel@shinystat.com,Female,
527,Boycie,bpactatem@google.com.hk,Male,
528,Kalila,ktedridgeen@boston.com,Female,
529,Marcos,mabreyeo@uol.com.br,Male,
530,Rees,rbrookzieep@msn.com,Male,
531,Erek,eboteeq@nba.com,Male,
532,Ana,ahuffyer@mozilla.org,Female,
533,Brod,bwincomes@mediafire.com,Male,
534,Donelle,dcavillaet@linkedin.com,Female,
535,Robinia,rrenneyeu@tuttocitta.it,Female,
536,Hugh,hnortheastev@apache.org,Male,
537,Antonietta,amussettiew@bluehost.com,Female,
538,Miller,mtukelyex@lycos.com,Male,
539,Emmery,ekilshawey@twitter.com,Male,
540,Chad,ccogswellez@guardian.co.uk,Female,
541,Kerrin,kmckeemanf0@phpbb.com,Female,
542,Kare,khamsteadf1@4shared.com,Female,
543,Ertha,eridef2@washington.edu,Female,
544,Nata,nmathelyf3@hostgator.com,Female,
545,Oran,orossbrookf4@cloudflare.com,Male,
546,Hill,hferneleyf5@archive.org,Polygender,
547,Karoly,kbexleyf6@cdbaby.com,Non-binary,
548,Demetria,ddaberf7@cornell.edu,Female,
549,Kristopher,kskainsf8@paginegialle.it,Male,
550,Fidela,ftawtonf9@jiathis.com,Female,
551,Evy,eguisefa@taobao.com,Female,
552,Helaine,hsmootefb@naver.com,Female,
553,Harli,hseakinfc@people.com.cn,Female,
554,Tad,tlaxefd@vimeo.com,Male,
555,Laurena,lmacanultyfe@indiatimes.com,Female,
556,Cary,cmoseleyff@nasa.gov,Male,
557,Judie,jnorcopfg@dot.gov,Female,
558,Jemmie,jaysikfh@newsvine.com,Female,
559,Shellysheldon,sklynfi@businesswire.com,Male,
560,Aigneis,apiscotfj@storify.com,Female,
561,Cordelia,cofeeneyfk@mit.edu,Female,
562,Thurston,tbenionfl@seattletimes.com,Male,
563,Matteo,mquilkinfm@nhs.uk,Male,
564,Doe,dglassonfn@booking.com,Female,
565,Rozamond,rgrinyakinfo@wikipedia.org,Female,
566,Eadmund,emacalasterfp@senate.gov,Male,
567,Willdon,wcluniefq@plala.or.jp,Male,
568,Sloane,stylerfr@mozilla.org,Male,
569,Lauren,lbernotfs@miitbeian.gov.cn,Bigender,
570,Stefa,skornft@cyberchimps.com,Genderqueer,
571,Ben,bhiggoefu@mlb.com,Male,
572,Worden,wbutnerfv@mtv.com,Male,
573,Maryann,mbenionfw@salon.com,Female,
574,Lucinda,lgriffithfx@cargocollective.com,Female,
575,Edythe,ecolyerfy@symantec.com,Female,
576,Dolph,djeromsonfz@google.fr,Male,
577,Weston,wshelveyg0@tumblr.com,Male,
578,Harriet,hshawyersg1@state.tx.us,Female,
579,Corrie,csammesg2@nasa.gov,Male,
580,Silas,sjakubovskyg3@wikipedia.org,Male,
581,Augy,aavissg4@telegraph.co.uk,Male,
582,Feodora,fsarlg5@tuttocitta.it,Female,
583,Shanan,sclapisong6@techcrunch.com,Male,
584,Frederigo,fhearonsg7@wiley.com,Male,
585,Fons,fsollimeg8@google.co.jp,Male,
586,Stewart,shuftong9@sourceforge.net,Male,
587,Clotilda,cgaylardga@ucla.edu,Female,
588,Mab,mgrafhamgb@etsy.com,Female,
589,Alice,afrankomgc@google.it,Female,
590,Waylen,wknottleygd@last.fm,Male,
591,Creigh,crabbege@seesaa.net,Male,
592,Inigo,ibavagegf@tinyurl.com,Male,
593,Benson,bebbottsgg@sitemeter.com,Male,
594,Edward,ebelmontgh@slideshare.net,Male,
595,Sylvan,schappelowgi@army.mil,Male,
596,Jerald,jitzkovskygj@nyu.edu,Male,
597,Antone,agurdongk@ow.ly,Male,
598,Georgie,gmoycegl@redcross.org,Male,
599,Wood,wfishleighgm@skype.com,Male,
600,Miltie,mheindrichgn@wunderground.com,Male,
601,Gianna,gmillwardgo@sfgate.com,Female,
602,Rikki,rwinsleygp@house.gov,Male,
603,Alisha,afilimoregq@sohu.com,Female,
604,Lyndel,lduckeringr@gmpg.org,Female,
605,Dennison,dfauschgs@mac.com,Male,
606,Celestyn,cbanaszczykgt@boston.com,Female,
607,Arel,asaygu@buzzfeed.com,Agender,
608,Chevy,cbarensgv@illinois.edu,Male,
609,Engracia,eadneygw@biblegateway.com,Female,
610,Alfredo,aseversgx@home.pl,Male,
611,Averil,ameyshamgy@webeden.co.uk,Female,
612,Kellby,kportchmouthgz@howstuffworks.com,Male,
613,Averill,avittelh0@eepurl.com,Male,
614,Annemarie,ahunnaballh1@house.gov,Female,
615,Lem,lvautierh2@barnesandnoble.com,Male,
616,Araldo,abaymanh3@devhub.com,Male,
617,Claudina,calph4@sourceforge.net,Female,
618,Cosette,csouttarh5@slideshare.net,Female,
619,Wilburt,wsprigginh6@qq.com,Genderfluid,
620,Eldin,eklimushevh7@state.tx.us,Male,
621,Dirk,ddurbridgeh8@intel.com,Male,
622,Gweneth,gcameliah9@foxnews.com,Female,
623,Kara,kceaplenha@booking.com,Female,
624,Isidro,imartijnhb@narod.ru,Male,
625,Cindee,cmcmenaminhc@netvibes.com,Female,
626,Alejandrina,asnadenhd@ask.com,Female,
627,Roldan,rsothamhe@gizmodo.com,Male,
628,Codee,clawleehf@storify.com,Female,
629,Molli,mheishg@cafepress.com,Female,
630,Tuckie,tbeslierhh@stanford.edu,Male,
631,Melita,mhaconhi@merriam-webster.com,Female,
632,Lexis,lsidlowhj@bing.com,Bigender,
633,Patrica,pmartinhk@joomla.org,Female,
634,Haleigh,hlaxenhl@vk.com,Male,
635,Merilyn,mastridgehm@amazon.com,Female,
636,Clarette,cseedullhn@shareasale.com,Female,
637,Roxi,rcumberho@fda.gov,Female,
638,Ram,rthrelfallhp@google.nl,Male,
639,Sarajane,swarrenderhq@last.fm,Female,
640,Garfield,gcastigliohr@miitbeian.gov.cn,Male,
641,Delaney,dgeorgievhs@eepurl.com,Male,
642,Barbra,bwillmoreht@home.pl,Female,
643,Warner,wjobinhu@google.es,Agender,
644,Faydra,fnorthamhv@salon.com,Female,
645,Bobbie,bredlerhw@samsung.com,Female,
646,Bax,bdinnagehx@netscape.com,Male,
647,Rosemarie,rtrevaskisshy@blogtalkradio.com,Female,
648,Grady,ggaltonehz@wikimedia.org,Male,
649,Anthony,apotei0@simplemachines.org,Male,
650,Dennet,dsouthcotti1@youtu.be,Male,
651,Kahlil,klarderi2@earthlink.net,Male,
652,Cesya,coshielsi3@shinystat.com,Female,
653,Sam,sedeleri4@taobao.com,Female,
654,Tammy,tdodshuni5@domainmarket.com,Male,
655,Ermina,ekitleei6@plala.or.jp,Female,
656,Lilian,lelsipi7@ucla.edu,Female,
657,Blaine,bcowopei8@soup.io,Male,
658,Olav,obringloei9@bloglines.com,Male,
659,Norene,ncashfordia@topsy.com,Female,
660,Louie,lbutteib@ameblo.jp,Male,
661,Rurik,relcoxic@flavors.me,Male,
662,El,efussenid@imageshack.us,Male,
663,Art,amchanie@bloglines.com,Male,
664,Florinda,fhabornif@ocn.ne.jp,Female,
665,Sterling,swaldramig@com.com,Male,
666,Jud,jtunnoih@typepad.com,Male,
667,Peri,pbrumptonii@biglobe.ne.jp,Bigender,
668,Ange,abirtwisleij@pcworld.com,Male,
669,Piggy,psudworthik@goodreads.com,Male,
670,Yulma,yswaffordil@i2i.jp,Male,
671,Darryl,dcrewdsonim@dyndns.org,Male,
672,Kalil,kkneaphseyin@newsvine.com,Male,
673,Esdras,eingoldio@tmall.com,Male,
674,Fields,fgrovehamip@sitemeter.com,Male,
675,Benedetta,bgironeiq@microsoft.com,Female,
676,Myrtle,mfillerir@apache.org,Female,
677,Nicolai,nassonis@upenn.edu,Bigender,
678,Horacio,hfrancktonit@purevolume.com,Male,
679,Marlo,mbissettiu@wikipedia.org,Male,
680,Jesus,jhodjettsiv@plala.or.jp,Male,
681,Annmarie,aslaightiw@npr.org,Bigender,
682,Del,dbaldickix@archive.org,Male,
683,Gertrud,gmctrustamiy@discuz.net,Female,
684,Benedetto,blinkiniz@eventbrite.com,Polygender,
685,Cord,clittlefieldj0@51.la,Male,
686,Brandyn,bobbardj1@marriott.com,Male,
687,Natka,nshawelj2@wiley.com,Genderfluid,
688,Justen,jcartmillj3@blogspot.com,Male,
689,Arnoldo,awaddinghamj4@joomla.org,Male,
690,Fabiano,fhouricanj5@tuttocitta.it,Non-binary,
691,Bryanty,bkofaxj6@netscape.com,Male,
692,Reggy,rmayhewj7@barnesandnoble.com,Male,
693,Lucretia,lstilej8@irs.gov,Female,
694,Gay,golleyj9@skyrock.com,Female,
695,Hendrik,htomblettja@soundcloud.com,Male,
696,Wittie,wivanyushinjb@latimes.com,Male,
697,Nert,ncullivanjc@columbia.edu,Female,
698,Joshua,jcalteronejd@cbslocal.com,Male,
699,Shaughn,sieldenje@hugedomains.com,Male,
700,Elston,eeckelsjf@bandcamp.com,Male,
701,Orazio,omartijg@usa.gov,Male,
702,Balduin,bglasperjh@telegraph.co.uk,Male,
703,Danna,dpudanji@dedecms.com,Female,
704,Shelby,spilbeamjj@seattletimes.com,Female,
705,Clem,celpheyjk@hp.com,Female,
706,Tracie,tchasmerjl@lulu.com,Agender,
707,Cathlene,cgowrichjm@ftc.gov,Female,
708,Bryan,bwestripjn@nyu.edu,Male,
709,Lindsay,lprentyjo@mapy.cz,Female,
710,George,gsalmonjp@opensource.org,Male,
711,Hubey,htrahmeljq@meetup.com,Male,
712,Fletch,fyettonjr@myspace.com,Genderfluid,
713,Reggis,ranstyjs@ucoz.ru,Male,
714,Chucho,cdenersjt@globo.com,Male,
715,Freddie,fmcilvennaju@forbes.com,Male,
716,Sayers,sbonettjv@cdbaby.com,Male,
717,Rosene,rboutflourjw@list-manage.com,Female,
718,Shanna,sdumiganjx@feedburner.com,Female,
719,Tobi,toxnamjy@surveymonkey.com,Female,
720,Ari,anoarjz@blogtalkradio.com,Male,
721,Neddie,nsmalleyk0@nsw.gov.au,Male,
722,Dew,ddallimarek1@constantcontact.com,Male,
723,Ollie,oscolek2@about.me,Male,
724,Richart,rdomenichellik3@mlb.com,Male,
725,Giuditta,gbaldaccok4@cbslocal.com,Female,
726,Cahra,cfiddyk5@opera.com,Female,
727,Natasha,nedelerk6@dropbox.com,Bigender,
728,Wilie,wdamrelk7@moonfruit.com,Female,
729,Mohandas,mskellonk8@google.ru,Male,
730,Brook,bbolandk9@howstuffworks.com,Female,
731,Murdock,mleismanka@abc.net.au,Male,
732,Pascale,pgatcliffkb@ox.ac.uk,Male,
733,Yurik,ykoschekkc@washington.edu,Genderfluid,
734,Laverne,lseverskd@sina.com.cn,Female,
735,Lisa,lgatleyke@upenn.edu,Female,
736,Geoffrey,gmuslakf@opensource.org,Male,
737,Rurik,rgillanderskg@sina.com.cn,Male,
738,Stanwood,sizakoffkh@ebay.co.uk,Male,
739,Moyra,mdenslowki@homestead.com,Female,
740,Korry,kgaffneykj@oracle.com,Female,
741,Merry,mrodgerkk@freewebs.com,Female,
742,Aigneis,aredsullkl@biglobe.ne.jp,Female,
743,Tine,tlyptritkm@skype.com,Female,
744,Moishe,mjoderkn@gravatar.com,Male,
745,Dall,dkroutko@gmpg.org,Male,
746,Stearn,smarqyeskp@wunderground.com,Male,
747,Lucas,ltranterkq@altervista.org,Male,
748,Henry,hdionisettikr@themeforest.net,Male,
749,Alexandre,asavilleks@pbs.org,Male,
750,Jordanna,jjosipovickt@springer.com,Female,
751,Phillipe,plumsdallku@examiner.com,Male,
752,Chicky,cimlockkv@stanford.edu,Female,
753,Yance,ymcrinnkw@addthis.com,Male,
754,Hailey,hkenratkx@bloomberg.com,Male,
755,Clemmie,cstainfieldky@wunderground.com,Female,
756,Lonna,lhoytkz@last.fm,Female,
757,Iormina,ikahnl0@nbcnews.com,Female,
758,Ermin,ebunworthl1@google.cn,Male,
759,Thorstein,tivanenkovl2@parallels.com,Male,
760,Thomasina,trosenfeldl3@netvibes.com,Female,
761,Rodolphe,rlemarquisl4@blog.com,Male,
762,Vernen,vsheppeyl5@state.tx.us,Male,
763,Hazel,hedridgel6@wix.com,Male,
764,Lindon,ldumingosl7@blogs.com,Male,
765,Stacy,sshawyersl8@cam.ac.uk,Female,
766,Veronika,vteanbyl9@boston.com,Non-binary,
767,Doroteya,dmcclearyla@bravesites.com,Female,
768,Ofilia,otandylb@etsy.com,Female,
769,Martina,mwellenlc@ft.com,Female,
770,Aliza,adwelleyld@yellowpages.com,Non-binary,
771,Moise,mtuhyle@cbc.ca,Male,
772,Blinny,belcoatelf@bloomberg.com,Female,
773,Drud,dkisselllg@mayoclinic.com,Male,
774,Andonis,abowshirelh@hud.gov,Male,
775,Nikolai,ntellenbrokli@i2i.jp,Male,
776,Frederich,fjelphslj@ibm.com,Male,
777,Edithe,efilmerlk@wix.com,Non-binary,
778,Ali,acholtonll@fc2.com,Male,
779,Arnoldo,aogaralm@skype.com,Male,
780,Beatrice,bleachmanln@cyberchimps.com,Agender,
781,Frank,fkernlo@telegraph.co.uk,Female,
782,Teddy,tblanninlp@scribd.com,Genderfluid,
783,Glyn,gadamolilq@fc2.com,Male,
784,Lane,ldoverlr@hubpages.com,Male,
785,Alfi,asutherdenls@ebay.com,Female,
786,Leland,lpfertnerlt@drupal.org,Male,
787,Thomasine,tagarlu@unicef.org,Female,
788,Eamon,edarracottlv@yahoo.co.jp,Male,
789,Jade,jbarnbylw@wufoo.com,Female,
790,Lyman,lfustlx@flavors.me,Male,
791,Wilhelm,wmiddiffly@sphinn.com,Male,
792,Joey,jcramelz@elegantthemes.com,Female,
793,Ad,astickelsm0@bloomberg.com,Male,
794,Seumas,sdorym1@indiatimes.com,Male,
795,Manya,mthemannm2@blogger.com,Genderqueer,
796,Saxe,sedmeadm3@state.tx.us,Male,
797,Margaretta,mcomptonm4@lycos.com,Female,
798,Franz,fdwelleym5@europa.eu,Male,
799,Concettina,cgligorim6@rediff.com,Female,
800,Mitchael,mvasselm7@wsj.com,Male,
801,Kendal,kcastanerm8@cornell.edu,Male,
802,Sollie,smclaganm9@google.com.br,Male,
803,Ruthe,respinayma@sciencedaily.com,Female,
804,Mark,mtewnionmb@devhub.com,Genderfluid,
805,Leodora,lgladdolphmc@facebook.com,Bigender,
806,Nissie,nwakeleymd@forbes.com,Female,
807,Renae,rtitmarshme@alexa.com,Genderfluid,
808,Yardley,ybraycottonmf@dailymail.co.uk,Male,
809,Ivy,idurhammg@chicagotribune.com,Female,
810,Adrien,atamasmh@fda.gov,Male,
811,Yvette,ydoegmi@foxnews.com,Female,
812,Gilburt,glorammj@netlog.com,Male,
813,Olvan,obatchleymk@salon.com,Male,
814,Frederico,fdurdleml@google.co.uk,Male,
815,Pammi,porrummm@skyrock.com,Female,
816,Ignacio,ibifieldmn@odnoklassniki.ru,Male,
817,Janot,jclaramo@umn.edu,Female,
818,Carmelle,cmcilvoraymp@sourceforge.net,Female,
819,Forester,fschoenfischmq@smugmug.com,Male,
820,Shayna,szealymr@nifty.com,Female,
821,Gracia,gphrippms@army.mil,Female,
822,Viviene,vpetremt@europa.eu,Female,
823,Wade,wdeangelismu@amazonaws.com,Male,
824,Melanie,moulnermv@hubpages.com,Genderfluid,
825,Lonni,lmummw@hibu.com,Female,
826,Payton,pwillfordmx@discuz.net,Male,
827,Archaimbaud,aoleksiakmy@google.it,Male,
828,Alonso,abathersbymz@people.com.cn,Male,
829,Talya,tfullerloven0@state.tx.us,Female,
830,Orville,oschettinin1@blinklist.com,Genderfluid,
831,Nelle,nhurlesn2@rediff.com,Female,
832,Alexi,aeschaletten3@deliciousdays.com,Female,
833,Sibylla,saleevyn4@simplemachines.org,Female,
834,Pierson,pdamettin5@sphinn.com,Polygender,
835,Baxy,bblakelyn6@chronoengine.com,Male,
836,Shay,sferrigen7@businessinsider.com,Female,
837,Sissie,scastellonen8@examiner.com,Female,
838,Meta,mmanginn9@abc.net.au,Female,
839,Kerrie,krylstonena@stanford.edu,Female,
840,Marybelle,mtabornb@howstuffworks.com,Female,
841,Terry,tjordinnc@opera.com,Male,
842,Aretha,amalecnd@tmall.com,Female,
843,Niccolo,nconaghanne@csmonitor.com,Male,
844,Ira,ihaineynf@canalblog.com,Female,
845,Charyl,cburnupng@patch.com,Female,
846,Marcy,modyvoynh@yolasite.com,Female,
847,Raimundo,rstrangmanni@foxnews.com,Male,
848,Rabbi,rfulbrooknj@ox.ac.uk,Male,
849,Debera,dcessnk@columbia.edu,Female,
850,Josie,jcrasswellnl@google.ru,Female,
851,Leticia,lsandercroftnm@chron.com,Female,
852,Daphene,dwalwoodnn@shinystat.com,Female,
853,Morissa,mtobyno@nasa.gov,Female,
854,Drucy,ddootsonnp@sogou.com,Female,
855,Dorthy,dnelissennq@msu.edu,Female,
856,Karil,kwiddopnr@who.int,Female,
857,Emmalynn,ehandmanns@illinois.edu,Female,
858,Cameron,cplantent@bluehost.com,Male,
859,Dallas,dduffillnu@epa.gov,Female,
860,Barde,bgiampietronv@reddit.com,Male,
861,Cora,cdejuaresnw@people.com.cn,Female,
862,Armin,ayurocjkinnx@nsw.gov.au,Genderfluid,
863,Trevor,taleshintsevny@whitehouse.gov,Agender,
864,Ezequiel,ekarpeevnz@yelp.com,Genderfluid,
865,Aurlie,acrepino0@nifty.com,Female,
866,Karla,ksaunpero1@w3.org,Female,
867,Roldan,rfynano2@live.com,Male,
868,Bob,bdaviono3@hatena.ne.jp,Male,
869,Myranda,mdignallo4@chronoengine.com,Female,
870,Debera,dgenevero5@nature.com,Female,
871,Perry,pvonweldeno6@abc.net.au,Female,
872,Dyana,dmckeadyo7@themeforest.net,Female,
873,Obie,ofarno8@eepurl.com,Male,
874,Orson,okroono9@weather.com,Male,
875,Rory,rblowesoa@ihg.com,Male,
876,Petr,pcopingob@xrea.com,Male,
877,Frederic,ffuttyoc@weebly.com,Male,
878,Merry,mbenkaod@stanford.edu,Male,
879,Kiele,kjenneroe@nasa.gov,Female,
880,Jacquenette,jstadingof@last.fm,Female,
881,Evin,echeesemanog@google.com.hk,Male,
882,Luis,lderelloh@forbes.com,Male,
883,Laney,lsmorfitoi@nytimes.com,Male,
884,Cedric,civanyushinoj@sciencedirect.com,Male,
885,Roanna,rsteinok@infoseek.co.jp,Female,
886,Blisse,bwhitehurstol@blogspot.com,Female,
887,Maxie,mgoodhewom@fda.gov,Female,
888,Coralyn,cshuardon@answers.com,Female,
889,Marlena,mleitheroo@accuweather.com,Female,
890,Amara,agronowop@nymag.com,Female,
891,Garwood,glarchiereoq@symantec.com,Male,
892,Alard,astidstonor@mozilla.com,Male,
893,Abbey,alorekos@indiegogo.com,Male,
894,Larisa,lcolebyot@wiley.com,Female,
895,Creight,cbristowou@state.tx.us,Male,
896,Mano,mpasekov@clickbank.net,Male,
897,Delila,dmatthewsonow@netlog.com,Female,
898,Sawyere,swetherbyox@weather.com,Male,
899,Twila,tpresleyoy@cloudflare.com,Female,
900,Correna,claughreyoz@chronoengine.com,Female,
901,Galvan,gsergeauntp0@tiny.cc,Male,
902,Brittan,bswinglehurstp1@nih.gov,Female,
903,Reade,rkupecp2@alexa.com,Male,
904,Magdalene,mmarquissp3@princeton.edu,Female,
905,Debora,dluetyp4@netvibes.com,Female,
906,Mateo,mjiggenp5@google.ru,Male,
907,Arnoldo,agoldmanp6@weibo.com,Male,
908,Gavan,gjanewp7@shutterfly.com,Male,
909,Denyse,daccombep8@adobe.com,Female,
910,Linnet,llesliep9@homestead.com,Female,
911,Chrissie,coskehanpa@economist.com,Male,
912,Cece,cspaingowerpb@drupal.org,Male,
913,Gilberta,gbuyerspc@walmart.com,Female,
914,Orsa,obatcockpd@umich.edu,Female,
915,Connor,csunmanpe@prweb.com,Male,
916,Lonee,lsemmenspf@blogtalkradio.com,Female,
917,Bertina,bnobletpg@twitter.com,Female,
918,Welsh,wbratleyph@ucoz.com,Male,
919,Stillman,sriddockpi@nationalgeographic.com,Male,
920,Lorrin,llauthianpj@twitter.com,Female,
921,Cammie,ccardenpk@posterous.com,Female,
922,Wilbur,wmattessenpl@google.cn,Male,
923,Marita,mmctrusteypm@ezinearticles.com,Female,
924,Ulrikaumeko,ukinlochpn@com.com,Female,
925,Wilhelm,wskettlespo@themeforest.net,Male,
926,Natale,nrebankspp@over-blog.com,Non-binary,
927,Tessi,twycliffpq@ted.com,Female,
928,Nariko,ncaughtepr@mail.ru,Female,
929,Jaime,jbreensps@is.gd,Female,
930,Sigmund,spierropt@hostgator.com,Male,
931,Rosy,rmcartepu@blog.com,Female,
932,Meryl,mducketpv@aboutads.info,Female,
933,Shoshana,stadgellpw@marketwatch.com,Genderqueer,
934,Hashim,hrosewallpx@live.com,Male,
935,Terrill,tshicklepy@timesonline.co.uk,Male,
936,Verine,vbalfrepz@ihg.com,Female,
937,Vonni,vmoorwoodq0@flavors.me,Female,
938,Polly,podhamsq1@godaddy.com,Female,
939,Osgood,ofranklingq2@ucsd.edu,Male,
940,Wilie,wwooderq3@t.co,Female,
941,Giusto,grustq4@friendfeed.com,Male,
942,Iseabal,itabnerq5@globo.com,Female,
943,Walt,wsherwoodq6@weibo.com,Male,
944,Ichabod,ipreshoq7@spiegel.de,Male,
945,Immanuel,iquesneq8@oracle.com,Non-binary,
946,Lola,lmacpeiceq9@dot.gov,Female,
947,Wyatan,wtregearqa@economist.com,Male,
948,Millicent,maikenqb@baidu.com,Female,
949,Ronalda,rtrencherqc@tinyurl.com,Female,
950,Vinnie,vfandrichqd@utexas.edu,Male,
951,Milicent,mdikeqe@nature.com,Female,
952,Eliza,euglowqf@dyndns.org,Female,
953,Brew,bframminghamqg@wikia.com,Male,
954,Perry,pkopischqh@yellowbook.com,Male,
955,Flory,fmattielliqi@google.de,Female,
956,Wolf,wwhittierqj@desdev.cn,Male,
957,Karena,ktildesleyqk@tripod.com,Female,
958,Clem,cllewhellinql@trellian.com,Non-binary,
959,Kenon,kjachimiakqm@over-blog.com,Genderfluid,
960,Vivienne,vburwinqn@hatena.ne.jp,Polygender,
961,Derril,driseboroughqo@storify.com,Male,
962,Justinian,jcasseqp@uol.com.br,Male,
963,Carlie,cradmoreqq@home.pl,Female,
964,Avigdor,atyeqr@smh.com.au,Male,
965,Ogdan,ozoliniqs@bluehost.com,Non-binary,
966,Javier,jphilottqt@tiny.cc,Male,
967,Sybil,sveschambesqu@aboutads.info,Female,
968,Torin,tfilchakovqv@cbc.ca,Male,
969,Rodger,rmacneiceqw@engadget.com,Male,
970,Gusella,ghavikqx@etsy.com,Female,
971,Lacey,ldunsmoreqy@apache.org,Female,
972,Henry,hgreatexqz@vkontakte.ru,Male,
973,Elia,ejohnr0@geocities.jp,Male,
974,Lindie,lhosbyr1@hugedomains.com,Female,
975,Shay,sgowardr2@youku.com,Female,
976,Nola,nseedsr3@ucoz.ru,Female,
977,Rutherford,rtingler4@go.com,Male,
978,Shepard,svalder5@nih.gov,Male,
979,Micheal,mstaddartr6@illinois.edu,Male,
980,Kingsly,klongworthr7@sphinn.com,Male,
981,Dorrie,dbredgelandr8@istockphoto.com,Female,
982,Lenette,luttermarer9@ucla.edu,Female,
983,Noak,nklagemanra@livejournal.com,Male,
984,Earl,ekolodziejskirb@archive.org,Male,
985,Vidovic,vsinesrc@sogou.com,Male,
986,Rora,rspieghtrd@godaddy.com,Female,
987,Cece,csissotre@posterous.com,Male,
988,Valencia,voldfieldrf@multiply.com,Female,
989,Lula,lalexandrourg@myspace.com,Female,
990,Buck,bsparshattrh@marketwatch.com,Male,
991,Galina,glamballri@multiply.com,Female,
992,Leicester,lbramwichrj@alibaba.com,Male,
993,Diandra,dsilverthornrk@ft.com,Female,
994,Sherman,soilierrl@theguardian.com,Male,
995,Adella,aantliffrm@lulu.com,Female,
996,Alvie,acicccittirn@unesco.org,Male,
997,Darrin,dmeronro@miitbeian.gov.cn,Male,
998,Sergio,sclashrp@ustream.tv,Male,
999,Sherline,storresrq@deliciousdays.com,Female,
1000,Dall,dstanhoperr@un.org,Male,
